Username,number- not needed,Email,Password,First Name,Last Name,Pronouns,University,Birthday,Academic Skills,Fitness Interests,Getting Help,Giving Help,Ratings,Profile Picture,Bio,Major,Grad Year
AriaSmith3,3,AriaSmith@uni.edu,q7yT*2pLz!,Aria,Smith,They/Them,Indiana University Bloomington,3/14/98,Accounting,"Boxing, Dance, Hiking",yes,yes,2,,"Hi there, my name is Aria Smith! Some of my interests include Boxing, Dance, Hiking, and Accounting, and my major is Computer Science. Can't wait to meet you!",Computer Science,2015
XavierKim1,1,XavierKim@uni.edu,aB9#s1oC4@,Xavier,Kim,He/Him,University of Maryland,5/22/97, Algebra,"Running, Yoga, Weightlifting",yes,,3,,"Hi there, my name is Xavier Kim! Some of my interests include Running, Yoga, Weightlifting, and  Algebra, and my major is Psychology. Can't wait to meet you!",Psychology,2016
LunaHernandez7,7,LunaHernandez@uni.edu,x5U!v8Nw2%,Luna,Hernandez,They/Them,University of Michigan,11/8/99, Biology,"Cardio, CrossFit, Cycling, Zumba",yes,,5,,"Hi there, my name is Luna Hernandez! Some of my interests include Cardio, CrossFit, Cycling, Zumba, and  Biology, and my major is Biology. Can't wait to meet you!",Biology,2017
CalebPatel1,1,CalebPatel@uni.edu,dF3*z1oV6@,Caleb,Patel,He/Him,Michigan State University ,9/30/00, Calculus,"Golfing, Hiking, Pilates, Swimming, Walking",yes,,2,,"Hi there, my name is Caleb Patel! Some of my interests include Golfing, Hiking, Pilates, Swimming, Walking, and  Calculus, and my major is Marketing. Can't wait to meet you!",Marketing,2018
IsabellaNguyen3,3,IsabellaNguyen@uni.edu,k9R$g2iE1%,Isabella,Nguyen,She/Her,Ohio State University,7/12/96, Chemistry,"Strength, Weightlifting, Yoga, Zumba",yes,,3,,"Hi there, my name is Isabella Nguyen! Some of my interests include Strength, Weightlifting, Yoga, Zumba, and  Chemistry, and my major is Sociology. Can't wait to meet you!",Sociology,2019
LeoGarcia5,5,LeoGarcia@uni.edu,m5A@w8yT7!,Leo,Garcia,He/Him,Pennsylvania State University,2/18/01, Computer Science,"Dance, Running, Yoga",yes,,3,,"Hi there, my name is Leo Garcia! Some of my interests include Dance, Running, Yoga, and  Computer Science, and my major is Political Science. Can't wait to meet you!",Political Science,2020
OliviaWang3,3,OliviaWang@uni.edu,h2L!v4Xo9*,Olivia,Wang,She/Her,Rutgers University,6/25/97, Economics,"Boxing, Martial Arts, Pilates, Swimming",yes,,5,,"Hi there, my name is Olivia Wang! Some of my interests include Boxing, Martial Arts, Pilates, Swimming, and  Economics, and my major is Finance. Can't wait to meet you!",Finance,2021
MasonJohnson2,2,MasonJohnson@uni.edu,e3J%b7Z4@u,Mason,Johnson,He/Him,University of Illinois - Urbana Champaign,12/4/98, Finite Math,"CrossFit, Cycling, Hiking, Yoga",yes,,3,,"Hi there, my name is Mason Johnson! Some of my interests include CrossFit, Cycling, Hiking, Yoga, and  Finite Math, and my major is English. Can't wait to meet you!",English,2022
AvaSilva7,7,AvaSilva@uni.edu,fS*8n1Wz!o,Ava,Silva,She/Her,University of Minnesota,8/17/02, Foreign Languages,"Cardio, Running, Strength, Weightlifting, Zumba",yes,,4,,"Hi there, my name is Ava Silva! Some of my interests include Cardio, Running, Strength, Weightlifting, Zumba, and  Foreign Languages, and my major is Nursing. Can't wait to meet you!",Nursing,2023
EthanLopez5,5,EthanLopez@uni.edu,p2L!g9Yw$6,Ethan,Lopez,He/Him,University of Nebraska,4/29/95, Geometry,"Golfing, Pilates, Walking",yes,,5,,"Hi there, my name is Ethan Lopez! Some of my interests include Golfing, Pilates, Walking, and  Geometry, and my major is Electrical Engineering. Can't wait to meet you!",Electrical Engineering,2024
ZoeyTakahashi8,8,ZoeyTakahashi@uni.edu,r1M!v3Pz#5,Zoey,Takahashi,They/Them,Northwestern University,10/11/01, Geography,"Hiking, Martial Arts, Pilates",yes,,4,,"Hi there, my name is Zoey Takahashi! Some of my interests include Hiking, Martial Arts, Pilates, and  Geography, and my major is History. Can't wait to meet you!",History,2025
GabrielRodriguez6,6,GabrielRodriguez@uni.edu,c5D!y7Rz*9,Gabriel,Rodriguez,He/Him,Purdue University,1/23/96, History,"Boxing, Dance, Weightlifting",yes,,4,,"Hi there, my name is Gabriel Rodriguez! Some of my interests include Boxing, Dance, Weightlifting, and  History, and my major is Environmental Science. Can't wait to meet you!",Environmental Science,2026
HarperAli1,1,HarperAli@uni.edu,oP6!e9Ia2@,Harper,Ali,They/Them,University of Wisconsin-Madison,7/2/00, Literature,"Cardio, Cycling, Running, Yoga",yes,,5,,"Hi there, my name is Harper Ali! Some of my interests include Cardio, Cycling, Running, Yoga, and  Literature, and my major is Chemistry. Can't wait to meet you!",Chemistry,2015
LiamMartinez2,2,LiamMartinez@uni.edu,b4N%k8W!3,Liam,Martinez,He/Him,Indiana University Bloomington,9/19/97, Math,"Golfing, Hiking, Weightlifting, Zumba",yes,,5,,"Hi there, my name is Liam Martinez! Some of my interests include Golfing, Hiking, Weightlifting, Zumba, and  Math, and my major is Mathematics. Can't wait to meet you!",Mathematics,2027
SophiaKimura3,3,SophiaKimura@uni.edu,u7C@r1F8*3,Sophia,Kimura,She/Her,University of Maryland,3/8/99, Music,"Strength, Swimming, Walking",yes,yes,5,,"Hi there, my name is Sophia Kimura! Some of my interests include Strength, Swimming, Walking, and  Music, and my major is Business Administration. Can't wait to meet you!",Business Administration,2015
NoahMurphy1,1,NoahMurphy@uni.edu,z2X!y4Tg6@,Noah,Murphy,He/Him,University of Michigan,11/27/94, Philosophy,"CrossFit, Yoga",yes,yes,3,,"Hi there, my name is Noah Murphy! Some of my interests include CrossFit, Yoga, and  Philosophy, and my major is Communication Studies. Can't wait to meet you!",Communication Studies,2016
GraceSingh5,5,GraceSingh@uni.edu,t9O*l2Hw#7,Grace,Singh,They/Them,Michigan State University ,5/15/02, Physics,"Boxing, Dance, Pilates, Running",yes,yes,4,,"Hi there, my name is Grace Singh! Some of my interests include Boxing, Dance, Pilates, Running, and  Physics, and my major is Graphic Design. Can't wait to meet you!",Graphic Design,2017
ElijahDavis5,5,ElijahDavis@uni.edu,i5Q!s8Ae7@,Elijah,Davis,He/Him,Ohio State University,8/6/98, Political Science,"Cardio, Cycling, Golfing, Hiking, Zumba",,yes,2,,"Hi there, my name is Elijah Davis! Some of my interests include Cardio, Cycling, Golfing, Hiking, Zumba, and  Political Science, and my major is Economics. Can't wait to meet you!",Economics,2018
ChloeLee1,1,ChloeLee@uni.edu,s3G@h6T1!v,Chloe,Lee,She/Her,Pennsylvania State University,12/31/01, Probability,"Strength, Weightlifting",,yes,3,,"Hi there, my name is Chloe Lee! Some of my interests include Strength, Weightlifting, and  Probability, and my major is Mechanical Engineering. Can't wait to meet you!",Mechanical Engineering,2019
JacksonSantos1,1,JacksonSantos@uni.edu,u8V*w2Rz!1,Jackson,Santos,He/Him,Rutgers University,6/9/96, Psychology,"Martial Arts, Boxing",,yes,2,,"Hi there, my name is Jackson Santos! Some of my interests include Martial Arts, Boxing, and  Psychology, and my major is Criminal Justice. Can't wait to meet you!",Criminal Justice,2020
MiaRossi7,7,MiaRossi@uni.edu,n1Y@t9Df4*,Mia,Rossi,She/Her,University of Illinois - Urbana Champaign,2/14/00, Science,"Boxing, Cardio, CrossFit, Dance, Hiking",,yes,4,,"Hi there, my name is Mia Rossi! Some of my interests include Boxing, Cardio, CrossFit, Dance, Hiking, and  Science, and my major is Public Health. Can't wait to meet you!",Public Health,2021
LoganSmith1,1,LoganSmith@uni.edu,m7F*g2Wk8%,Logan,Smith,He/Him,University of Minnesota,10/23/95, Sociology,"Running, Strength, Weightlifting, Zumba",,yes,3,,"Hi there, my name is Logan Smith! Some of my interests include Running, Strength, Weightlifting, Zumba, and  Sociology, and my major is Journalism. Can't wait to meet you!",Journalism,2022
EmilyKim8,8,EmilyKim@uni.edu,q4Z!c9Ea3@,Emily,Kim,She/Her,University of Nebraska,4/7/97, Speaking,Swimming,,yes,4,,"Hi there, my name is Emily Kim! Some of my interests include Swimming, and  Speaking, and my major is Physics. Can't wait to meet you!",Physics,2023
AidenRodriguez9,9,AidenRodriguez@uni.edu,v6I!f2Dy7*,Aiden,Rodriguez,He/Him,Northwestern University,1/11/02, Statistics,"Yoga, Walking",,yes,4,,"Hi there, my name is Aiden Rodriguez! Some of my interests include Yoga, Walking, and  Statistics, and my major is Education. Can't wait to meet you!",Education,2024
ScarlettPatel7,7,ScarlettPatel@uni.edu,l9B!p4Sx2@,Scarlett,Patel,She/Her,Purdue University,9/28/99, Trigonometry,"Boxing, Dance, Running",,yes,2,,"Hi there, my name is Scarlett Patel! Some of my interests include Boxing, Dance, Running, and  Trigonometry, and my major is Anthropology. Can't wait to meet you!",Anthropology,2025
LucasNguyen7,7,LucasNguyen@uni.edu,j1R!t7Mg3@,Lucas,Nguyen,He/Him,University of Wisconsin-Madison,3/5/98, Writing,Weighlifting,yes,yes,2,,"Hi there, my name is Lucas Nguyen! Some of my interests include Weighlifting, and  Writing, and my major is Philosophy. Can't wait to meet you!",Philosophy,2026
LilyHernandez3,3,LilyHernandez@uni.edu,x4N%r6Hg!9,Lily,Hernandez,She/Her,Indiana University Bloomington,7/21/94,Calculus,Pilates,yes,yes,2,,"Hi there, my name is Lily Hernandez! Some of my interests include Pilates, and Calculus, and my major is Art History. Can't wait to meet you!",Art History,2015
WyattGarcia1,1,WyattGarcia@uni.edu,d9K!o7Pz*2,Wyatt,Garcia,He/Him,University of Maryland,11/14/00,"Geometry, Algebra","Strength, Swimming, Zumba",yes,yes,5,,"Hi there, my name is Wyatt Garcia! Some of my interests include Strength, Swimming, Zumba, and Geometry, Algebra, and my major is Human Resource Management. Can't wait to meet you!",Human Resource Management,2027
AbigailWang9,9,AbigailWang@uni.edu,w3X*v5Lg!8,Abigail,Wang,She/Her,University of Michigan,5/2/97,"Physics, Biology, History",Running,yes,,5,,"Hi there, my name is Abigail Wang! Some of my interests include Running, and Physics, Biology, History, and my major is International Relations. Can't wait to meet you!",International Relations,2015
OliverJohnson6,6,OliverJohnson@uni.edu,g2A!b9Qz@4,Oliver,Johnson,He/Him,Michigan State University ,8/13/95,"Science, Philosophy","Dance, Hiking, Pilates, Walking, Weightlifting",yes,,4,,"Hi there, my name is Oliver Johnson! Some of my interests include Dance, Hiking, Pilates, Walking, Weightlifting, and Science, Philosophy, and my major is Civil Engineering. Can't wait to meet you!",Civil Engineering,2016
EllaSilva9,9,EllaSilva@uni.edu,f7H!u4Jy5@,Ella,Silva,She/Her,Ohio State University,1/26/01,"Probability, Writing","Golfing, Yoga, Zumba",yes,,2,,"Hi there, my name is Ella Silva! Some of my interests include Golfing, Yoga, Zumba, and Probability, Writing, and my major is Music. Can't wait to meet you!",Music,2017
SamuelLopez5,5,SamuelLopez@uni.edu,s6P@r3Yz*8,Samuel,Lopez,He/Him,Pennsylvania State University,6/18/98,"Political Science, Sociology, Statistics","CrossFit, Running, Strength",yes,,2,,"Hi there, my name is Samuel Lopez! Some of my interests include CrossFit, Running, Strength, and Political Science, Sociology, Statistics, and my major is Social Work. Can't wait to meet you!",Social Work,2018
AddisonTakahashi4,4,AddisonTakahashi@uni.edu,b9E@v3Ug1*,Addison,Takahashi,They/Them,Rutgers University,12/7/99,Finite Math,"Boxing, Cardio, Cycling, Dance, Hiking",yes,,4,,"Hi there, my name is Addison Takahashi! Some of my interests include Boxing, Cardio, Cycling, Dance, Hiking, and Finite Math, and my major is Chemistry. Can't wait to meet you!",Chemistry,2019
LeviAli8,8,LeviAli@uni.edu,o5N@l8Zi7*,Levi,Ali,He/Him,University of Illinois - Urbana Champaign,4/24/96,"Computer Science, Trigonometry","Weightlifting, Yoga, Zumba",yes,,4,,"Hi there, my name is Levi Ali! Some of my interests include Weightlifting, Yoga, Zumba, and Computer Science, Trigonometry, and my major is Film Studies. Can't wait to meet you!",Film Studies,2020
AmeliaMartinez5,5,AmeliaMartinez@uni.edu,h2T*g5Wu9@,Amelia,Martinez,She/Her,University of Minnesota,10/1/02,"Chemistry, Probability, Economics","Golfing, Pilates, Walking",yes,,2,,"Hi there, my name is Amelia Martinez! Some of my interests include Golfing, Pilates, Walking, and Chemistry, Probability, Economics, and my major is Accounting. Can't wait to meet you!",Accounting,2021
CalebKimura7,7,CalebKimura@uni.edu,r4V%i9Mz*6,Caleb,Kimura,He/Him,University of Nebraska,2/11/97,"Foreign Languages, Music",,yes,,3,,"Hi there, my name is Caleb Kimura! Some of my interests include , and Foreign Languages, Music, and my major is Linguistics. Can't wait to meet you!",Linguistics,2022
ZoeMurphy4,4,ZoeMurphy@uni.edu,p3D*z8Lw#7,Zoe,Murphy,They/Them,Northwestern University,8/29/01,"Speaking, Literature","CrossFit, Cycling, Yoga",yes,,5,,"Hi there, my name is Zoe Murphy! Some of my interests include CrossFit, Cycling, Yoga, and Speaking, Literature, and my major is Marketing. Can't wait to meet you!",Marketing,2023
OwenSingh4,4,OwenSingh@uni.edu,c6Q!j2Rz*9,Owen,Singh,He/Him,Purdue University,11/20/94,"Math, Accounting, Geography","Boxing, Dance, Hiking, Weightlifting",yes,,5,,"Hi there, my name is Owen Singh! Some of my interests include Boxing, Dance, Hiking, Weightlifting, and Math, Accounting, Geography, and my major is Geology. Can't wait to meet you!",Geology,2024
AuroraDavis5,5,AuroraDavis@uni.edu,n7B!m4Sg*1,Aurora,Davis,They/Them,University of Wisconsin-Madison,5/6/00,"Psychology, Physics","Cardio, Golfing, Pilates, Zumba",yes,,5,,"Hi there, my name is Aurora Davis! Some of my interests include Cardio, Golfing, Pilates, Zumba, and Psychology, Physics, and my major is Architecture. Can't wait to meet you!",Architecture,2025
HenryLee6,6,HenryLee@uni.edu,k2X!a6Pb7*,Henry,Lee,He/Him,Indiana University Bloomington,9/15/98,"Sociology, Writing","Running, Strength, Weightlifting",yes,,5,,"Hi there, my name is Henry Lee! Some of my interests include Running, Strength, Weightlifting, and Sociology, Writing, and my major is Nutrition. Can't wait to meet you!",Nutrition,2026
PenelopeSantos5,5,PenelopeSantos@uni.edu,w8L!p4Gy6*,Penelope,Santos,She/Her,University of Maryland,3/2/95,"History, Political Science","Boxing, Cycling, Martial Arts, Yoga",yes,,3,,"Hi there, my name is Penelope Santos! Some of my interests include Boxing, Cycling, Martial Arts, Yoga, and History, Political Science, and my major is Political Science. Can't wait to meet you!",Political Science,2015
JacksonRossi4,4,JacksonRossi@uni.edu,t3J@k5Uz*2,Jackson,Rossi,He/Him,University of Michigan,7/11/99,"Algebra, Science",Running,yes,,4,,"Hi there, my name is Jackson Rossi! Some of my interests include Running, and Algebra, Science, and my major is Computer Engineering. Can't wait to meet you!",Computer Engineering,2027
GraceSmith6,6,GraceSmith@uni.edu,i7F!r4Nz#9,Grace,Smith,They/Them,Michigan State University ,1/17/96,"Probability, Economics","Golfing, Zumba",yes,,2,,"Hi there, my name is Grace Smith! Some of my interests include Golfing, Zumba, and Probability, Economics, and my major is Spanish. Can't wait to meet you!",Spanish,2015
CarterKim1,1,CarterKim@uni.edu,x6H@t3Vz!5,Carter,Kim,He/Him,Ohio State University,6/24/02,"Music, Statistics, Philosophy","Cardio, CrossFit, Weightlifting",yes,,5,,"Hi there, my name is Carter Kim! Some of my interests include Cardio, CrossFit, Weightlifting, and Music, Statistics, Philosophy, and my major is Sociology. Can't wait to meet you!",Sociology,2016
RileyRodriguez5,5,RileyRodriguez@uni.edu,s1M!d8Xu6@,Riley,Rodriguez,They/Them,Pennsylvania State University,10/10/97,"Biology, Calculus","Boxing, Running, Strength, Yoga",yes,,5,,"Hi there, my name is Riley Rodriguez! Some of my interests include Boxing, Running, Strength, Yoga, and Biology, Calculus, and my major is Biomedical Engineering. Can't wait to meet you!",Biomedical Engineering,2017
DanielPatel6,6,DanielPatel@uni.edu,e4Y*h9Tb3@,Daniel,Patel,He/Him,Rutgers University,4/30/98,"Foreign Languages, Trigonometry",Zumba,yes,,5,,"Hi there, my name is Daniel Patel! Some of my interests include Zumba, and Foreign Languages, Trigonometry, and my major is Theater Arts. Can't wait to meet you!",Theater Arts,2018
AaliyahNguyen9,9,AaliyahNguyen@uni.edu,j2I%l7Sx!5,Aaliyah,Nguyen,She/Her,University of Illinois - Urbana Champaign,12/13/01,"Geometry, Literature","Dance, Hiking, Weightlifting, Zumba",yes,,3,,"Hi there, my name is Aaliyah Nguyen! Some of my interests include Dance, Hiking, Weightlifting, Zumba, and Geometry, Literature, and my major is Economics. Can't wait to meet you!",Economics,2019
MasonHernandez7,7,MasonHernandez@uni.edu,z5G!a1Nv6*,Mason,Hernandez,He/Him,University of Minnesota,8/22/95,"Computer Science, Sociology","Cardio, CrossFit, Golfing, Swimming",yes,,4,,"Hi there, my name is Mason Hernandez! Some of my interests include Cardio, CrossFit, Golfing, Swimming, and Computer Science, Sociology, and my major is Environmental Studies. Can't wait to meet you!",Environmental Studies,2020
LucyGarcia8,8,LucyGarcia@uni.edu,u9K@v3Ez!1,Lucy,Garcia,She/Her,University of Nebraska,2/5/00,Speaking,"Boxing, Yoga",yes,,4,,"Hi there, my name is Lucy Garcia! Some of my interests include Boxing, Yoga, and Speaking, and my major is Mechanical Engineering. Can't wait to meet you!",Mechanical Engineering,2021
JaydenWang7,7,JaydenWang@uni.edu,q2O*y4Ck7@,Jayden,Wang,He/Him,Northwestern University,5/19/96,"Finite Math, Writing","Dance, Martial Arts, Pilates, Running",yes,,5,,"Hi there, my name is Jayden Wang! Some of my interests include Dance, Martial Arts, Pilates, Running, and Finite Math, Writing, and my major is Public Relations. Can't wait to meet you!",Public Relations,2022
AvaJohnson7,7,AvaJohnson@uni.edu,g6R*w3Fv5@,Ava,Johnson,She/Her,Purdue University,3/14/98,"Physics, Chemistry",Dance,yes,,5,,"Hi there, my name is Ava Johnson! Some of my interests include Dance, and Physics, Chemistry, and my major is Mathematics. Can't wait to meet you!",Mathematics,2023
SebastianSilva5,5,SebastianSilva@uni.edu,m4H*g2Tj8@,Sebastian,Silva,He/Him,University of Wisconsin-Madison,5/22/97,"Political Science, Geography, Algebra","Martial Arts, Running, Strength, Swimming",yes,,4,,"Hi there, my name is Sebastian Silva! Some of my interests include Martial Arts, Running, Strength, Swimming, and Political Science, Geography, Algebra, and my major is Psychology. Can't wait to meet you!",Psychology,2024
HarperLopez1,1,HarperLopez@uni.edu,i9B%x6Lz!7,Harper,Lopez,They/Them,Indiana University Bloomington,11/8/99,"Math, Probability",Running,yes,,2,,"Hi there, my name is Harper Lopez! Some of my interests include Running, and Math, Probability, and my major is Business Management. Can't wait to meet you!",Business Management,2025
ElijahTakahashi8,8,ElijahTakahashi@uni.edu,t3P@u8Dy5*,Elijah,Takahashi,He/Him,University of Maryland,9/30/00,"Science, Statistics","Dance, Hiking, Pilates, Swimming, Walking",yes,,3,,"Hi there, my name is Elijah Takahashi! Some of my interests include Dance, Hiking, Pilates, Swimming, Walking, and Science, Statistics, and my major is History. Can't wait to meet you!",History,2026
StellaAli5,5,StellaAli@uni.edu,b4N%c7Qz!9,Stella,Ali,She/Her,University of Michigan,7/12/96,"Psychology, Music",Dance,yes,,5,,"Hi there, my name is Stella Ali! Some of my interests include Dance, and Psychology, Music, and my major is Physics. Can't wait to meet you!",Physics,2015
LiamMartinez5,5,LiamMartinez@uni.edu,o1Z*w7Vg!8,Liam,Martinez,He/Him,Michigan State University ,2/18/01,"Calculus, History","Cardio, CrossFit, Golfing, Swimming",yes,,2,,"Hi there, my name is Liam Martinez! Some of my interests include Cardio, CrossFit, Golfing, Swimming, and Calculus, History, and my major is Nursing. Can't wait to meet you!",Nursing,2027
LaylaKimura8,8,LaylaKimura@uni.edu,f8K%i4Ae3*,Layla,Kimura,She/Her,Ohio State University,6/25/97,"Foreign Languages, Writing","Boxing, Yoga",yes,,3,,"Hi there, my name is Layla Kimura! Some of my interests include Boxing, Yoga, and Foreign Languages, Writing, and my major is Graphic Design. Can't wait to meet you!",Graphic Design,2015
AlexanderMurphy1,1,AlexanderMurphy@uni.edu,h6J%i5Xz!2,Alexander,Murphy,He/Him,Pennsylvania State University,12/4/98,"Probability, Sociology, Philosophy","Dance, Martial Arts, Pilates, Running",yes,,2,,"Hi there, my name is Alexander Murphy! Some of my interests include Dance, Martial Arts, Pilates, Running, and Probability, Sociology, Philosophy, and my major is Philosophy. Can't wait to meet you!",Philosophy,2016
PeytonSingh6,6,PeytonSingh@uni.edu,p9E*i7Yk3@,Peyton,Singh,They/Them,Rutgers University,8/17/02,"Geometry, Economics",Dance,yes,,2,,"Hi there, my name is Peyton Singh! Some of my interests include Dance, and Geometry, Economics, and my major is English. Can't wait to meet you!",English,2017
BenjaminDavis4,4,BenjaminDavis@uni.edu,r4Z%i6Fz@1,Benjamin,Davis,He/Him,University of Illinois - Urbana Champaign,4/29/95,"Trigonometry, Accounting, Political Science","Martial Arts, Running, Strength, Swimming",yes,,3,,"Hi there, my name is Benjamin Davis! Some of my interests include Martial Arts, Running, Strength, Swimming, and Trigonometry, Accounting, Political Science, and my major is Communication Studies. Can't wait to meet you!",Communication Studies,2018
HannahLee8,8,HannahLee@uni.edu,n8U!l2Gy3@,Hannah,Lee,She/Her,University of Minnesota,10/11/01,"Literature, Biology",Martial Arts,yes,yes,4,,"Hi there, my name is Hannah Lee! Some of my interests include Martial Arts, and Literature, Biology, and my major is Sociology. Can't wait to meet you!",Sociology,2019
JulianSantos2,2,JulianSantos@uni.edu,d5K%b8Mz!6,Julian,Santos,He/Him,University of Nebraska,1/23/96,"Chemistry, Speaking","Dance, Hiking, Pilates, Swimming, Walking",yes,yes,4,,"Hi there, my name is Julian Santos! Some of my interests include Dance, Hiking, Pilates, Swimming, Walking, and Chemistry, Speaking, and my major is Finance. Can't wait to meet you!",Finance,2020
VictoriaRossi2,2,VictoriaRossi@uni.edu,a3S!h8Wz*1,Victoria,Rossi,She/Her,Northwestern University,7/2/00,"Music, Finite Math","Boxing, Cardio, Cycling, Dance, Hiking",yes,yes,5,,"Hi there, my name is Victoria Rossi! Some of my interests include Boxing, Cardio, Cycling, Dance, Hiking, and Music, Finite Math, and my major is Political Science. Can't wait to meet you!",Political Science,2021
ChristopherSmith2,2,ChristopherSmith@uni.edu,c7Q%i2Rg!9,Christopher,Smith,He/Him,Purdue University,9/19/97,"Physics, Statistics","Weightlifting, Yoga, Zumba",yes,yes,3,,"Hi there, my name is Christopher Smith! Some of my interests include Weightlifting, Yoga, Zumba, and Physics, Statistics, and my major is Marketing. Can't wait to meet you!",Marketing,2022
EleanorKim5,5,EleanorKim@uni.edu,j5T!y7Oz*4,Eleanor,Kim,She/Her,University of Wisconsin-Madison,3/8/99,"Algebra, Probability","Golfing, Pilates, Walking",,yes,3,,"Hi there, my name is Eleanor Kim! Some of my interests include Golfing, Pilates, Walking, and Algebra, Probability, and my major is Anthropology. Can't wait to meet you!",Anthropology,2023
OwenRodriguez4,4,OwenRodriguez@uni.edu,x1N%v3Fz*6,Owen,Rodriguez,He/Him,Indiana University Bloomington,11/27/94,"Writing, Computer Science, History",Running,yes,yes,5,,"Hi there, my name is Owen Rodriguez! Some of my interests include Running, and Writing, Computer Science, History, and my major is Chemistry. Can't wait to meet you!",Chemistry,2024
ScarlettPatel7,7,ScarlettPatel@uni.edu,w4D%r8Bz!7,Scarlett,Patel,She/Her,University of Maryland,5/15/02,"Sociology, Geometry","CrossFit, Cycling, Yoga",yes,yes,5,,"Hi there, my name is Scarlett Patel! Some of my interests include CrossFit, Cycling, Yoga, and Sociology, Geometry, and my major is Criminal Justice. Can't wait to meet you!",Criminal Justice,2025
IsaacNguyen2,2,IsaacNguyen@uni.edu,z9S*u1Mk2@,Isaac,Nguyen,He/Him,University of Michigan,8/6/98,"Science, Philosophy, Economics","Boxing, Dance, Hiking, Weightlifting",yes,yes,3,,"Hi there, my name is Isaac Nguyen! Some of my interests include Boxing, Dance, Hiking, Weightlifting, and Science, Philosophy, Economics, and my major is Environmental Science. Can't wait to meet you!",Environmental Science,2026
AriaHernandez6,6,AriaHernandez@uni.edu,g7V*i4Lz!3,Aria,Hernandez,She/Her,Michigan State University ,12/31/01,"Probability, Calculus",Cardio,,yes,2,,"Hi there, my name is Aria Hernandez! Some of my interests include Cardio, and Probability, Calculus, and my major is Music. Can't wait to meet you!",Music,2015
JacobGarcia1,1,JacobGarcia@uni.edu,l5Q@k7Hx!2,Jacob,Garcia,He/Him,Ohio State University,6/9/96,"Foreign Languages, Trigonometry","Running, Strength, Weightlifting",yes,yes,3,,"Hi there, my name is Jacob Garcia! Some of my interests include Running, Strength, Weightlifting, and Foreign Languages, Trigonometry, and my major is Education. Can't wait to meet you!",Education,2027
MadelineWang3,3,MadelineWang@uni.edu,b6R*c8Gz@1,Madeline,Wang,She/Her,Pennsylvania State University,2/14/00,"Literature, Political Science, Psychology","Boxing, Cycling, Martial Arts, Yoga",yes,yes,2,,"Hi there, my name is Madeline Wang! Some of my interests include Boxing, Cycling, Martial Arts, Yoga, and Literature, Political Science, Psychology, and my major is Business Administration. Can't wait to meet you!",Business Administration,2015
EthanJohnson5,5,EthanJohnson@uni.edu,e3X@l7Wz!9,Ethan,Johnson,He/Him,Rutgers University,10/23/95,"Accounting, Music","Yoga, Walking",yes,,5,,"Hi there, my name is Ethan Johnson! Some of my interests include Yoga, Walking, and Accounting, Music, and my major is Physics. Can't wait to meet you!",Physics,2016
ZoeySilva4,4,ZoeySilva@uni.edu,k2F!p5Mz@1,Zoey,Silva,She/Her,University of Illinois - Urbana Champaign,4/7/97,"History, Statistics","Golfing, Zumba",yes,,5,,"Hi there, my name is Zoey Silva! Some of my interests include Golfing, Zumba, and History, Statistics, and my major is History. Can't wait to meet you!",History,2017
SamuelLopez1,1,SamuelLopez@uni.edu,y8I%b6Nz@1,Samuel,Lopez,He/Him,University of Minnesota,1/11/02,"Chemistry, Sociology","Cardio, CrossFit, Weightlifting",yes,,5,,"Hi there, my name is Samuel Lopez! Some of my interests include Cardio, CrossFit, Weightlifting, and Chemistry, Sociology, and my major is Journalism. Can't wait to meet you!",Journalism,2018
AubreyTakahashi7,7,AubreyTakahashi@uni.edu,q9Yi5Jz3,Aubrey,Takahashi,She/Her,University of Nebraska,9/28/99,"Writing, Biology","Boxing, Running, Strength, Yoga",yes,,2,,"Hi there, my name is Aubrey Takahashi! Some of my interests include Boxing, Running, Strength, Yoga, and Writing, Biology, and my major is Mechanical Engineering. Can't wait to meet you!",Mechanical Engineering,2019
NathanAli6,6,NathanAli@uni.edu,u4G%i2Xy1@,Nathan,Ali,He/Him,Northwestern University,3/5/98,"Finite Math, Physics","Cycling, Martial Arts, Pilates, Walking",yes,,5,,"Hi there, my name is Nathan Ali! Some of my interests include Cycling, Martial Arts, Pilates, Walking, and Finite Math, Physics, and my major is Graphic Design. Can't wait to meet you!",Graphic Design,2020
AddisonMartinez4,4,AddisonMartinez@uni.edu,o3B%i7Pz@1,Addison,Martinez,She/Her,Purdue University,7/21/94,Geometry,"CrossFit, Cycling, Yoga",yes,,5,,"Hi there, my name is Addison Martinez! Some of my interests include CrossFit, Cycling, Yoga, and Geometry, and my major is Sociology. Can't wait to meet you!",Sociology,2021
DavidKimura2,2,DavidKimura@uni.edu,s6J%i9Rz!4,David,Kimura,He/Him,University of Wisconsin-Madison,11/14/00,"Probability, Biology","Boxing, Dance, Hiking, Weightlifting",yes,yes,4,,"Hi there, my name is David Kimura! Some of my interests include Boxing, Dance, Hiking, Weightlifting, and Probability, Biology, and my major is Nutrition. Can't wait to meet you!",Nutrition,2022
GraceMurphy1,1,GraceMurphy@uni.edu,n2A!d4Yz*8,Grace,Murphy,She/Her,Indiana University Bloomington,5/2/97,"Calculus, Music","Cardio, Golfing, Pilates, Zumba",yes,yes,4,,"Hi there, my name is Grace Murphy! Some of my interests include Cardio, Golfing, Pilates, Zumba, and Calculus, Music, and my major is Mathematics. Can't wait to meet you!",Mathematics,2023
CalebSingh6,6,CalebSingh@uni.edu,v9E*h5Tg1@,Caleb,Singh,He/Him,University of Maryland,8/13/95,"Chemistry, Sociology","Running, Strength, Weightlifting",yes,yes,5,,"Hi there, my name is Caleb Singh! Some of my interests include Running, Strength, Weightlifting, and Chemistry, Sociology, and my major is Civil Engineering. Can't wait to meet you!",Civil Engineering,2024
LillianDavis6,6,LillianDavis@uni.edu,z6X*i2Fz@7,Lillian,Davis,She/Her,University of Michigan,1/26/01,"Foreign Languages, Writing",Dance,yes,yes,2,,"Hi there, my name is Lillian Davis! Some of my interests include Dance, and Foreign Languages, Writing, and my major is Psychology. Can't wait to meet you!",Psychology,2025
HunterLee3,3,HunterLee@uni.edu,m3W%i8Sj2@,Hunter,Lee,He/Him,Michigan State University ,6/18/98,"Finite Math, Physics",Weighlifting,,yes,5,,"Hi there, my name is Hunter Lee! Some of my interests include Weighlifting, and Finite Math, Physics, and my major is Economics. Can't wait to meet you!",Economics,2026
MiaSantos1,1,MiaSantos@uni.edu,t9D%i1Nz@5,Mia,Santos,She/Her,Ohio State University,12/7/99,"Algebra, Literature, History","CrossFit, Cycling",,yes,3,,"Hi there, my name is Mia Santos! Some of my interests include CrossFit, Cycling, and Algebra, Literature, History, and my major is Environmental Studies. Can't wait to meet you!",Environmental Studies,2015
LoganRossi2,2,LoganRossi@uni.edu,c5K%i2Uz*9,Logan,Rossi,He/Him,Pennsylvania State University,4/24/96,"Political Science, Psychology",Pilates,,yes,4,,"Hi there, my name is Logan Rossi! Some of my interests include Pilates, and Political Science, Psychology, and my major is Film Studies. Can't wait to meet you!",Film Studies,2027
ChloeSmith6,6,ChloeSmith@uni.edu,i4R%i7Hg!2,Chloe,Smith,She/Her,Rutgers University,10/1/02,"Science, Trigonometry",CrossFit,yes,yes,4,,"Hi there, my name is Chloe Smith! Some of my interests include CrossFit, and Science, Trigonometry, and my major is International Relations. Can't wait to meet you!",International Relations,2015
EliKim5,5,EliKim@uni.edu,r3V%i8Pz*5,Eli,Kim,He/Him,University of Illinois - Urbana Champaign,2/11/97,"Statistics, Philosophy",Golfing,yes,,3,,"Hi there, my name is Eli Kim! Some of my interests include Golfing, and Statistics, Philosophy, and my major is Chemistry. Can't wait to meet you!",Chemistry,2016
IsabellaRodriguez7,7,IsabellaRodriguez@uni.edu,w7H%i2Lz!6,Isabella,Rodriguez,She/Her,University of Minnesota,8/29/01,"Speaking, Accounting, Computer Science",Golfing,yes,,4,,"Hi there, my name is Isabella Rodriguez! Some of my interests include Golfing, and Speaking, Accounting, Computer Science, and my major is Art History. Can't wait to meet you!",Art History,2017
WyattPatel2,2,WyattPatel@uni.edu,s5K%i1,Wyatt,Patel,He/Him,University of Nebraska,11/20/94,"Economics, Geometry",Running,yes,,2,,"Hi there, my name is Wyatt Patel! Some of my interests include Running, and Economics, Geometry, and my major is Linguistics. Can't wait to meet you!",Linguistics,2018
SophiaNguyen5,5,SophiaNguyen@uni.edu,r3V%i8Pz*5,Sophia,Nguyen,She/Her,Northwestern University,5/6/00,"Writing, Probability","Running, Strength, Weightlifting",yes,,2,,"Hi there, my name is Sophia Nguyen! Some of my interests include Running, Strength, Weightlifting, and Writing, Probability, and my major is Computer Science. Can't wait to meet you!",Computer Science,2019
TylerHernandez5,5,TylerHernandez@uni.edu,w7H%i2Lz!6,Tyler,Hernandez,He/Him,Purdue University,9/15/98,"Foreign Languages, Political Science, Sociology","Dance, Yoga",yes,,4,,"Hi there, my name is Tyler Hernandez! Some of my interests include Dance, Yoga, and Foreign Languages, Political Science, Sociology, and my major is Social Work. Can't wait to meet you!",Social Work,2020
EmilyGarcia5,5,EmilyGarcia@uni.edu,s5K%i1Gy8@,Emily,Garcia,She/Her,University of Wisconsin-Madison,3/2/95,"Music, Calculus","Yoga, Walking",yes,,4,,"Hi there, my name is Emily Garcia! Some of my interests include Yoga, Walking, and Music, Calculus, and my major is Philosophy. Can't wait to meet you!",Philosophy,2021
DylanWang1,1,DylanWang@uni.edu,q4P%i8Cz*3,Dylan,Wang,He/Him,Indiana University Bloomington,7/11/99,"Physics, Algebra","Weightlifting, Yoga, Zumba",yes,,3,,"Hi there, my name is Dylan Wang! Some of my interests include Weightlifting, Yoga, Zumba, and Physics, Algebra, and my major is Human Resource Management. Can't wait to meet you!",Human Resource Management,2022
AbigailJohnson3,3,AbigailJohnson@uni.edu,g2S%i9Ez!1,Abigail,Johnson,She/Her,University of Maryland,1/17/96,History,"Cardio, Golfing, Cycling, Pilates",yes,,4,,"Hi there, my name is Abigail Johnson! Some of my interests include Cardio, Golfing, Cycling, Pilates, and History, and my major is Public Health. Can't wait to meet you!",Public Health,2023
AnthonySilva8,8,AnthonySilva@uni.edu,j7F%i5Wz@3,Anthony,Silva,She/Her,University of Michigan,6/24/02,"Statistics, Probability","Strength, Swimming, Zumba",yes,,3,,"Hi there, my name is Anthony Silva! Some of my interests include Strength, Swimming, Zumba, and Statistics, Probability, and my major is Architecture. Can't wait to meet you!",Architecture,2024
AveryLopez8,8,AveryLopez@uni.edu,e6Z%i1Nz!4,Avery,Lopez,They/Them,Michigan State University ,10/10/97,"Biology, Finite Math","Dance, Running, Zumba",yes,,4,,"Hi there, my name is Avery Lopez! Some of my interests include Dance, Running, Zumba, and Biology, Finite Math, and my major is Marketing. Can't wait to meet you!",Marketing,2025
IsaacTakahashi5,5,IsaacTakahashi@uni.edu,l8U%i3Xy9@,Isaac,Takahashi,He/Him,Ohio State University,4/30/98,"Chemistry, Literature, Trigonometry",Boxing,yes,,2,,"Hi there, my name is Isaac Takahashi! Some of my interests include Boxing, and Chemistry, Literature, Trigonometry, and my major is Business Management. Can't wait to meet you!",Business Management,2026
NatalieAli5,5,NatalieAli@uni.edu,b7M%i4Tz*1,Natalie,Ali,She/Her,Pennsylvania State University,12/13/01,"Philosophy, Science, Speaking","Running, Martial Arts, Strength",yes,,5,,"Hi there, my name is Natalie Ali! Some of my interests include Running, Martial Arts, Strength, and Philosophy, Science, Speaking, and my major is Biomedical Engineering. Can't wait to meet you!",Biomedical Engineering,2015
JamesMartinez2,2,JamesMartinez@uni.edu,p5C%i2Vz!3,James,Martinez,He/Him,Rutgers University,8/22/95,"Computer Science, Accounting","Hiking, Cycling, Zumba",yes,,2,,"Hi there, my name is James Martinez! Some of my interests include Hiking, Cycling, Zumba, and Computer Science, Accounting, and my major is Spanish. Can't wait to meet you!",Spanish,2027
HarperKimura2,2,HarperKimura@uni.edu,x4A%i8Bz*7,Harper,Kimura,They/Them,University of Illinois - Urbana Champaign,2/5/00,"Political Science, Geometry, Writing","Cardio, Golfing, Cycling, Zumba",yes,,2,,"Hi there, my name is Harper Kimura! Some of my interests include Cardio, Golfing, Cycling, Zumba, and Political Science, Geometry, Writing, and my major is Theater Arts. Can't wait to meet you!",Theater Arts,2015
LucasMurphy7,7,LucasMurphy@uni.edu,h3I%i9Oz@1,Lucas,Murphy,He/Him,University of Minnesota,5/19/96,"Economics, Sociology","Dance, Pilates, Weightlifting",yes,,4,,"Hi there, my name is Lucas Murphy! Some of my interests include Dance, Pilates, Weightlifting, and Economics, Sociology, and my major is Accounting. Can't wait to meet you!",Accounting,2016
JordanSingh3,3,JordanSingh@uni.edu,f1G%i6Sj2@,Jordan,Singh,He/Him,University of Nebraska,3/14/98,"History, Probability","Running, Weightlifting",,yes,4,,"Hi there, my name is Jordan Singh! Some of my interests include Running, Weightlifting, and History, Probability, and my major is Computer Science. Can't wait to meet you!",Computer Science,2017
TaylorDavis1,1,TaylorDavis@uni.edu,d2U%i8Kz*4,Taylor,Davis,She/Her,Northwestern University,5/22/97,"Music, Physics","Golfing, Yoga, Zumba",yes,,5,,"Hi there, my name is Taylor Davis! Some of my interests include Golfing, Yoga, Zumba, and Music, Physics, and my major is Psychology. Can't wait to meet you!",Psychology,2018
AlexLee9,9,AlexLee@uni.edu,k7B%i1Qz!9,Alex,Lee,He/Him,Purdue University,11/8/99,"Algebra, Foreign Languages","Boxing, Weightlifting, CrossFit",yes,,4,,"Hi there, my name is Alex Lee! Some of my interests include Boxing, Weightlifting, CrossFit, and Algebra, Foreign Languages, and my major is Biology. Can't wait to meet you!",Biology,2019
CaseySantos5,5,CaseySantos@uni.edu,o9M%i4Yz*6,Casey,Santos,She/Her,University of Wisconsin-Madison,9/30/00,"Calculus, Statistics","Cycling, Yoga, Pilates",yes,,3,,"Hi there, my name is Casey Santos! Some of my interests include Cycling, Yoga, Pilates, and Calculus, Statistics, and my major is Marketing. Can't wait to meet you!",Marketing,2020
MorganRossi5,5,MorganRossi@uni.edu,n5X%i2Ez@3,Morgan,Rossi,She/Her,Indiana University Bloomington,7/12/96,"Literature, Political Science","Golfing, Cardio, Running",yes,,4,,"Hi there, my name is Morgan Rossi! Some of my interests include Golfing, Cardio, Running, and Literature, Political Science, and my major is Sociology. Can't wait to meet you!",Sociology,2021
JamieSmith1,1,JamieSmith@uni.edu,r6D%i1Hg!9,Jamie,Smith,He/Him,University of Maryland,2/18/01,"Biology, Finite Math, Writing","Dance, Running, Yoga",yes,,4,,"Hi there, my name is Jamie Smith! Some of my interests include Dance, Running, Yoga, and Biology, Finite Math, Writing, and my major is Political Science. Can't wait to meet you!",Political Science,2022
RileyKim4,4,RileyKim@uni.edu,t4J%i7Pz*5,Riley,Kim,She/Her,University of Michigan,6/25/97,"Chemistry, Philosophy","Hiking, Cardio, Martial Arts",yes,,5,,"Hi there, my name is Riley Kim! Some of my interests include Hiking, Cardio, Martial Arts, and Chemistry, Philosophy, and my major is Finance. Can't wait to meet you!",Finance,2023
AveryRodriguez7,7,AveryRodriguez@uni.edu,c9Y%i2Rz@1,Avery,Rodriguez,He/Him,Michigan State University ,12/4/98,"Probability, Trigonometry","Boxing, Pilates, Cycling",yes,,5,,"Hi there, my name is Avery Rodriguez! Some of my interests include Boxing, Pilates, Cycling, and Probability, Trigonometry, and my major is English. Can't wait to meet you!",English,2024
CameronPatel4,4,CameronPatel@uni.edu,i5B%i8Tz!3,Cameron,Patel,He/Him,Ohio State University,8/17/02,"Science, Algebra","Yoga, Cardio, Cycling, Pilates",yes,,4,,"Hi there, my name is Cameron Patel! Some of my interests include Yoga, Cardio, Cycling, Pilates, and Science, Algebra, and my major is Nursing. Can't wait to meet you!",Nursing,2025
QuinnNguyen2,2,QuinnNguyen@uni.edu,u2W%i4Kz@1,Quinn,Nguyen,He/Him,Pennsylvania State University,4/29/95,"Sociology, Geometry, Computer Science","Cardio, CrossFit, Weightlifting",yes,,2,,"Hi there, my name is Quinn Nguyen! Some of my interests include Cardio, CrossFit, Weightlifting, and Sociology, Geometry, Computer Science, and my major is Electrical Engineering. Can't wait to meet you!",Electrical Engineering,2026
JordanHernandez7,7,JordanHernandez@uni.edu,a8V%i5Gz*3,Jordan,Hernandez,He/Him,Rutgers University,10/11/01,"Speaking, History","Boxing, Running, Strength, Yoga",yes,,2,,"Hi there, my name is Jordan Hernandez! Some of my interests include Boxing, Running, Strength, Yoga, and Speaking, History, and my major is History. Can't wait to meet you!",History,2015
TaylorGarcia1,1,TaylorGarcia@uni.edu,z7Q%i1Lz!6,Taylor,Garcia,He/Him,University of Illinois - Urbana Champaign,1/23/96,"Statistics, Economics","Cycling, Martial Arts, Pilates, Walking",yes,,5,,"Hi there, my name is Taylor Garcia! Some of my interests include Cycling, Martial Arts, Pilates, Walking, and Statistics, Economics, and my major is Environmental Science. Can't wait to meet you!",Environmental Science,2027
AlexWang5,5,AlexWang@uni.edu,w3T%i8Hg!2,Alex,Wang,He/Him,University of Minnesota,7/2/00,"Political Science, Writing","CrossFit, Cycling, Yoga",yes,,4,,"Hi there, my name is Alex Wang! Some of my interests include CrossFit, Cycling, Yoga, and Political Science, Writing, and my major is Chemistry. Can't wait to meet you!",Chemistry,2015
CaseyJohnson1,1,CaseyJohnson@uni.edu,s1O%i5Cz*7,Casey,Johnson,They/Them,University of Nebraska,9/19/97,"Foreign Languages, Music, Calculus","Boxing, Dance, Hiking, Weightlifting",yes,,3,,"Hi there, my name is Casey Johnson! Some of my interests include Boxing, Dance, Hiking, Weightlifting, and Foreign Languages, Music, Calculus, and my major is Mathematics. Can't wait to meet you!",Mathematics,2016
MorganSilva9,9,MorganSilva@uni.edu,m2J%i7Fz@5,Morgan,Silva,He/Him,Northwestern University,3/8/99,"Physics, Psychology","Cardio, Golfing, Pilates, Zumba",yes,,2,,"Hi there, my name is Morgan Silva! Some of my interests include Cardio, Golfing, Pilates, Zumba, and Physics, Psychology, and my major is Business Administration. Can't wait to meet you!",Business Administration,2017
JamieLopez5,5,JamieLopez@uni.edu,p8Z%i1Nz*6,Jamie,Lopez,He/Him,Purdue University,11/27/94,"Probability, Literature","Running, Strength, Weightlifting",yes,,5,,"Hi there, my name is Jamie Lopez! Some of my interests include Running, Strength, Weightlifting, and Probability, Literature, and my major is Communication Studies. Can't wait to meet you!",Communication Studies,2018
RileyTakahashi4,4,RileyTakahashi@uni.edu,h7L%i3Yz!1,Riley,Takahashi,He/Him,University of Wisconsin-Madison,5/15/02,"Accounting, Sociology, Geometry",Dance,yes,,4,,"Hi there, my name is Riley Takahashi! Some of my interests include Dance, and Accounting, Sociology, Geometry, and my major is Graphic Design. Can't wait to meet you!",Graphic Design,2019
AveryAli9,9,AveryAli@uni.edu,j6F%i8Vz!4,Avery,Ali,He/Him,Indiana University Bloomington,8/6/98,"Biology, Finite Math, Algebra",Weighlifting,yes,,2,,"Hi there, my name is Avery Ali! Some of my interests include Weighlifting, and Biology, Finite Math, Algebra, and my major is Economics. Can't wait to meet you!",Economics,2020
CameronMartinez3,3,CameronMartinez@uni.edu,x2N%i1Kz@7,Cameron,Martinez,He/Him,University of Maryland,12/31/01,"Chemistry, Political Science","CrossFit, Cycling",yes,yes,3,,"Hi there, my name is Cameron Martinez! Some of my interests include CrossFit, Cycling, and Chemistry, Political Science, and my major is Mechanical Engineering. Can't wait to meet you!",Mechanical Engineering,2021
QuinnKimura2,2,QuinnKimura@uni.edu,g5U%i9Rz*3,Quinn,Kimura,He/Him,University of Michigan,6/9/96,"Philosophy, Computer Science",Pilates,yes,yes,2,,"Hi there, my name is Quinn Kimura! Some of my interests include Pilates, and Philosophy, Computer Science, and my major is Criminal Justice. Can't wait to meet you!",Criminal Justice,2022
SydneyMurphy6,6,SydneyMurphy@uni.edu,d9W%i4Bz!1,Sydney,Murphy,She/Her,Michigan State University ,2/14/00,"Trigonometry, Writing",CrossFit,yes,,3,,"Hi there, my name is Sydney Murphy! Some of my interests include CrossFit, and Trigonometry, Writing, and my major is Public Health. Can't wait to meet you!",Public Health,2023
SkylarSingh9,9,SkylarSingh@uni.edu,e7K%i3Pz*5,Skylar,Singh,She/Her,Ohio State University,10/23/95,"Statistics, Science","Weightlifting, Yoga, Zumba",yes,,5,,"Hi there, my name is Skylar Singh! Some of my interests include Weightlifting, Yoga, Zumba, and Statistics, Science, and my major is Journalism. Can't wait to meet you!",Journalism,2024
PatDavis8,8,PatDavis@uni.edu,l4S%i1Mz!9,Pat,Davis,He/Him,Pennsylvania State University,4/7/97,"History, Probability, Physics","Golfing, Pilates, Walking",yes,,5,,"Hi there, my name is Pat Davis! Some of my interests include Golfing, Pilates, Walking, and History, Probability, Physics, and my major is Physics. Can't wait to meet you!",Physics,2025
DakotaLee9,9,DakotaLee@uni.edu,f8H%i5Gz*3,Dakota,Lee,He/Him,Rutgers University,1/11/02,"Music, Economics",Running,yes,,2,,"Hi there, my name is Dakota Lee! Some of my interests include Running, and Music, Economics, and my major is Education. Can't wait to meet you!",Education,2026
JadenSantos9,9,JadenSantos@uni.edu,q1X%i7Fz@5,Jaden,Santos,He/Him,University of Illinois - Urbana Champaign,9/28/99,"Algebra, Foreign Languages, Sociology","CrossFit, Cycling, Yoga",yes,,5,,"Hi there, my name is Jaden Santos! Some of my interests include CrossFit, Cycling, Yoga, and Algebra, Foreign Languages, Sociology, and my major is Anthropology. Can't wait to meet you!",Anthropology,2015
CharlieRossi4,4,CharlieRossi@uni.edu,c3A%i8Tz!4,Charlie,Rossi,He/Him,University of Minnesota,3/5/98,"Calculus, Literature, Chemistry","Boxing, Dance, Hiking, Weightlifting",yes,,2,,"Hi there, my name is Charlie Rossi! Some of my interests include Boxing, Dance, Hiking, Weightlifting, and Calculus, Literature, Chemistry, and my major is Philosophy. Can't wait to meet you!",Philosophy,2027
EmersonSmith9,9,EmersonSmith@uni.edu,k5B%i2Oz*7,Emerson,Smith,She/Her,University of Nebraska,7/21/94,Accounting,Cardio,yes,,5,,"Hi there, my name is Emerson Smith! Some of my interests include Cardio, and Accounting, and my major is Art History. Can't wait to meet you!",Art History,2015
TaylorKim6,6,TaylorKim@uni.edu,o8C%i4Lz@1,Taylor,Kim,She/Her,Northwestern University,11/14/00, Algebra,"Running, Strength, Weightlifting",yes,,2,,"Hi there, my name is Taylor Kim! Some of my interests include Running, Strength, Weightlifting, and  Algebra, and my major is Human Resource Management. Can't wait to meet you!",Human Resource Management,2016
AveryRodriguez6,6,AveryRodriguez@uni.edu,v6R%i3Nz!2,Avery,Rodriguez,She/Her,Purdue University,5/2/97, Biology,"Boxing, Cycling, Martial Arts, Yoga",yes,,5,,"Hi there, my name is Avery Rodriguez! Some of my interests include Boxing, Cycling, Martial Arts, Yoga, and  Biology, and my major is International Relations. Can't wait to meet you!",International Relations,2017
JordanPatel4,4,JordanPatel@uni.edu,n9I%i4Wz*6,Jordan,Patel,She/Her,University of Wisconsin-Madison,8/13/95, Calculus,"Yoga, Walking",yes,,2,,"Hi there, my name is Jordan Patel! Some of my interests include Yoga, Walking, and  Calculus, and my major is Civil Engineering. Can't wait to meet you!",Civil Engineering,2018
MorganNguyen7,7,MorganNguyen@uni.edu,r1Y%i8Sg!2,Morgan,Nguyen,She/Her,Indiana University Bloomington,1/26/01, Chemistry,"Golfing, Zumba",,yes,4,,"Hi there, my name is Morgan Nguyen! Some of my interests include Golfing, Zumba, and  Chemistry, and my major is Music. Can't wait to meet you!",Music,2019
AlexHernandez1,1,AlexHernandez@uni.edu,z3E%i5Hz*7,Alex,Hernandez,She/Her,University of Maryland,6/18/98, Computer Science,"Cardio, CrossFit, Weightlifting",,yes,3,,"Hi there, my name is Alex Hernandez! Some of my interests include Cardio, CrossFit, Weightlifting, and  Computer Science, and my major is Social Work. Can't wait to meet you!",Social Work,2020
RileyGarcia3,3,RileyGarcia@uni.edu,u6B%i1Vz!9,Riley,Garcia,She/Her,University of Michigan,12/7/99, Economics,"Boxing, Running, Strength, Yoga",,yes,5,,"Hi there, my name is Riley Garcia! Some of my interests include Boxing, Running, Strength, Yoga, and  Economics, and my major is Chemistry. Can't wait to meet you!",Chemistry,2021
CaseyWang8,8,CaseyWang@uni.edu,w8O%i3Tz*5,Casey,Wang,She/Her,Michigan State University ,4/24/96, Finite Math,"Cycling, Martial Arts, Pilates, Walking",,yes,2,,"Hi there, my name is Casey Wang! Some of my interests include Cycling, Martial Arts, Pilates, Walking, and  Finite Math, and my major is Film Studies. Can't wait to meet you!",Film Studies,2022
JamieJohnson7,7,JamieJohnson@uni.edu,s4J%i7Pz!1,Jamie,Johnson,She/Her,Ohio State University,10/1/02, Foreign Languages,"CrossFit, Cycling, Yoga",yes,yes,5,,"Hi there, my name is Jamie Johnson! Some of my interests include CrossFit, Cycling, Yoga, and  Foreign Languages, and my major is Accounting. Can't wait to meet you!",Accounting,2023
CameronSilva9,9,CameronSilva@uni.edu,i9M%i2Qz@3,Cameron,Silva,She/Her,Pennsylvania State University,2/11/97, Geometry,"Boxing, Dance, Hiking, Weightlifting",yes,,2,,"Hi there, my name is Cameron Silva! Some of my interests include Boxing, Dance, Hiking, Weightlifting, and  Geometry, and my major is Linguistics. Can't wait to meet you!",Linguistics,2024
QuinnLopez8,8,QuinnLopez@uni.edu,t1P%i8Kz!6,Quinn,Lopez,He/Him,Rutgers University,8/29/01, Geography,"Dance, Martial Arts, Hiking",yes,,4,,"Hi there, my name is Quinn Lopez! Some of my interests include Dance, Martial Arts, Hiking, and  Geography, and my major is Marketing. Can't wait to meet you!",Marketing,2025
JordanTakahashi5,5,JordanTakahashi@uni.edu,x5L%i2Nz!9,Jordan,Takahashi,He/Him,University of Illinois - Urbana Champaign,11/20/94, History,"Strength, CrossFit, Walking",yes,,3,,"Hi there, my name is Jordan Takahashi! Some of my interests include Strength, CrossFit, Walking, and  History, and my major is Geology. Can't wait to meet you!",Geology,2026
TaylorAli1,1,TaylorAli@uni.edu,b4S%i9Gz*3,Taylor,Ali,He/Him,University of Minnesota,5/6/00, Literature,"Running, Cycling, Golfing, Zumba",yes,,5,,"Hi there, my name is Taylor Ali! Some of my interests include Running, Cycling, Golfing, Zumba, and  Literature, and my major is Architecture. Can't wait to meet you!",Architecture,2015
AlexMartinez3,3,AlexMartinez@uni.edu,j8C%i5Fz@7,Alex,Martinez,He/Him,University of Nebraska,9/15/98, Math,"Cardio, Zumba, Martial Arts",yes,,4,,"Hi there, my name is Alex Martinez! Some of my interests include Cardio, Zumba, Martial Arts, and  Math, and my major is Nutrition. Can't wait to meet you!",Nutrition,2027
CaseyKimura5,5,CaseyKimura@uni.edu,h6D%i1Tz*9,Casey,Kimura,He/Him,Northwestern University,3/2/95, Music,"Yoga, Golfing, Pilates",yes,,3,,"Hi there, my name is Casey Kimura! Some of my interests include Yoga, Golfing, Pilates, and  Music, and my major is Political Science. Can't wait to meet you!",Political Science,2015
MorganMurphy9,9,MorganMurphy@uni.edu,p7R%i3Yz!1,Morgan,Murphy,They/Them,Purdue University,7/11/99, Philosophy,"Boxing, Running, Swimming, Yoga",yes,,4,,"Hi there, my name is Morgan Murphy! Some of my interests include Boxing, Running, Swimming, Yoga, and  Philosophy, and my major is Computer Engineering. Can't wait to meet you!",Computer Engineering,2016
JamieSingh7,7,JamieSingh@uni.edu,f9V%i2Bz*7,Jamie,Singh,He/Him,University of Wisconsin-Madison,1/17/96, Physics,"Dance, Weightlifting, Pilates",yes,,5,,"Hi there, my name is Jamie Singh! Some of my interests include Dance, Weightlifting, Pilates, and  Physics, and my major is Spanish. Can't wait to meet you!",Spanish,2017
RileyDavis7,7,RileyDavis@uni.edu,l2E%i5Hg!3,Riley,Davis,He/Him,Indiana University Bloomington,6/24/02, Political Science,"Boxing, Golfing, Running, Zumba",yes,,3,,"Hi there, my name is Riley Davis! Some of my interests include Boxing, Golfing, Running, Zumba, and  Political Science, and my major is Sociology. Can't wait to meet you!",Sociology,2018
AveryLee9,9,AveryLee@uni.edu,g4X%i8Iz!6,Avery,Lee,He/Him,University of Maryland,10/10/97, Probability,"Weightlifting, Zumba, CrossFit",,yes,3,,"Hi there, my name is Avery Lee! Some of my interests include Weightlifting, Zumba, CrossFit, and  Probability, and my major is Biomedical Engineering. Can't wait to meet you!",Biomedical Engineering,2019
CameronSantos4,4,CameronSantos@uni.edu,d5Z%i1Mz*9,Cameron,Santos,He/Him,University of Michigan,4/30/98, Psychology,"Cycling, Running, Weightlifting",,yes,3,,"Hi there, my name is Cameron Santos! Some of my interests include Cycling, Running, Weightlifting, and  Psychology, and my major is Theater Arts. Can't wait to meet you!",Theater Arts,2020
QuinnRossi1,1,QuinnRossi@uni.edu,a3Q%i6Pz@1,Quinn,Rossi,He/Him,Michigan State University ,12/13/01, Science,"Dance, Pilates, Swimming",yes,,2,,"Hi there, my name is Quinn Rossi! Some of my interests include Dance, Pilates, Swimming, and  Science, and my major is Economics. Can't wait to meet you!",Economics,2021
TaylorSmith4,4,TaylorSmith@uni.edu,c7T%i4Nz!2,Taylor,Smith,They/Them,Ohio State University,8/22/95, Sociology,"Cardio, Hiking, Dance, Pilates",yes,,5,,"Hi there, my name is Taylor Smith! Some of my interests include Cardio, Hiking, Dance, Pilates, and  Sociology, and my major is Environmental Studies. Can't wait to meet you!",Environmental Studies,2022
JordanKim3,3,JordanKim@uni.edu,m1H%i8Sj2@,Jordan,Kim,She/Her,Pennsylvania State University,2/5/00, Speaking,"Cardio, Dance",yes,,4,,"Hi there, my name is Jordan Kim! Some of my interests include Cardio, Dance, and  Speaking, and my major is Mechanical Engineering. Can't wait to meet you!",Mechanical Engineering,2023
AlexRodriguez2,2,AlexRodriguez@uni.edu,q5F%i2Lz*9,Alex,Rodriguez,She/Her,Rutgers University,5/19/96, Statistics,Dance,yes,,4,,"Hi there, my name is Alex Rodriguez! Some of my interests include Dance, and  Statistics, and my major is Public Relations. Can't wait to meet you!",Public Relations,2024
CaseyPatel4,4,CaseyPatel@uni.edu,k3O%i1Rz!4,Casey,Patel,She/Her,University of Illinois - Urbana Champaign,3/14/98, Trigonometry,Running,yes,,4,,"Hi there, my name is Casey Patel! Some of my interests include Running, and  Trigonometry, and my major is Mathematics. Can't wait to meet you!",Mathematics,2025
MorganNguyen7,7,MorganNguyen@uni.edu,o7Y%i6Pz@1,Morgan,Nguyen,She/Her,University of Minnesota,5/22/97,Accounting,Yoga,yes,,2,,"Hi there, my name is Morgan Nguyen! Some of my interests include Yoga, and Accounting, and my major is Psychology. Can't wait to meet you!",Psychology,2026
JamieHernandez2,2,JamieHernandez@uni.edu,u8N%i2Xy1@,Jamie,Hernandez,She/Her,University of Nebraska,11/8/99, Algebra,Weightlifting,yes,,3,,"Hi there, my name is Jamie Hernandez! Some of my interests include Weightlifting, and  Algebra, and my major is Business Management. Can't wait to meet you!",Business Management,2015
RileyGarcia6,6,RileyGarcia@uni.edu,v9I%i3Kz!6,Riley,Garcia,She/Her,Northwestern University,9/30/00, Biology,"Golfing, Hiking, Pilates, Swimming, Walking",yes,,4,,"Hi there, my name is Riley Garcia! Some of my interests include Golfing, Hiking, Pilates, Swimming, Walking, and  Biology, and my major is History. Can't wait to meet you!",History,2027
AveryWang8,8,AveryWang@uni.edu,s2X%i1Jz@7,Avery,Wang,She/Her,Purdue University,7/12/96, Calculus,"Cardio, Golfing, Cycling, Pilates",yes,,3,,"Hi there, my name is Avery Wang! Some of my interests include Cardio, Golfing, Cycling, Pilates, and  Calculus, and my major is Physics. Can't wait to meet you!",Physics,2019
CameronJohnson7,7,CameronJohnson@uni.edu,w6E%i8Fz!3,Cameron,Johnson,She/Her,University of Wisconsin-Madison,2/18/01, Chemistry,"Strength, Swimming, Zumba",yes,,3,,"Hi there, my name is Cameron Johnson! Some of my interests include Strength, Swimming, Zumba, and  Chemistry, and my major is Nursing. Can't wait to meet you!",Nursing,2020
QuinnSilva1,1,QuinnSilva@uni.edu,r4V%i2Nz*7,Quinn,Silva,She/Her,Indiana University Bloomington,6/25/97, Computer Science,"Dance, Running, Zumba",yes,,5,,"Hi there, my name is Quinn Silva! Some of my interests include Dance, Running, Zumba, and  Computer Science, and my major is Graphic Design. Can't wait to meet you!",Graphic Design,2021
JordanLopez2,2,JordanLopez@uni.edu,z9P%i1Yz!4,Jordan,Lopez,He/Him,University of Maryland,12/4/98, Economics,Hiking,yes,,3,,"Hi there, my name is Jordan Lopez! Some of my interests include Hiking, and  Economics, and my major is Philosophy. Can't wait to meet you!",Philosophy,2022
TaylorTakahashi4,4,TaylorTakahashi@uni.edu,n8B%i5Uz@3,Taylor,Takahashi,He/Him,University of Michigan,8/17/02, Finite Math,"Running, Martial Arts, Strength",yes,,2,,"Hi there, my name is Taylor Takahashi! Some of my interests include Running, Martial Arts, Strength, and  Finite Math, and my major is English. Can't wait to meet you!",English,2023
AlexAli9,9,AlexAli@uni.edu,i7S%i3Mz*6,Alex,Ali,He/Him,Michigan State University ,4/29/95, Foreign Languages,"Hiking, Cycling, Zumba",yes,,2,,"Hi there, my name is Alex Ali! Some of my interests include Hiking, Cycling, Zumba, and  Foreign Languages, and my major is Communication Studies. Can't wait to meet you!",Communication Studies,2024
CaseyMartinez5,5,CaseyMartinez@uni.edu,t6H%i8Pz!1,Casey,Martinez,He/Him,Ohio State University,10/11/01, Geometry,"Cardio, Golfing, Cycling, Zumba",yes,,5,,"Hi there, my name is Casey Martinez! Some of my interests include Cardio, Golfing, Cycling, Zumba, and  Geometry, and my major is Sociology. Can't wait to meet you!",Sociology,2025
MorganKimura5,5,MorganKimura@uni.edu,x3C%i1Kz*9,Morgan,Kimura,He/Him,Pennsylvania State University,1/23/96, Geography,"Dance, Pilates, Weightlifting",yes,,3,,"Hi there, my name is Morgan Kimura! Some of my interests include Dance, Pilates, Weightlifting, and  Geography, and my major is Finance. Can't wait to meet you!",Finance,2026
JamieMurphy9,9,JamieMurphy@uni.edu,f5M%i4Zz!2,Jamie,Murphy,They/Them,Rutgers University,7/2/00, History,"Running, Yoga, Weightlifting",yes,,3,,"Hi there, my name is Jamie Murphy! Some of my interests include Running, Yoga, Weightlifting, and  History, and my major is Political Science. Can't wait to meet you!",Political Science,2015
RileySingh5,5,RileySingh@uni.edu,c2E%i8Vz*7,Riley,Singh,He/Him,University of Illinois - Urbana Champaign,9/19/97, Literature,"Golfing, Yoga, Zumba",yes,,4,,"Hi there, my name is Riley Singh! Some of my interests include Golfing, Yoga, Zumba, and  Literature, and my major is Marketing. Can't wait to meet you!",Marketing,2027
AveryDavis5,5,AveryDavis@uni.edu,j1X%i3Wz@5,Avery,Davis,He/Him,University of Minnesota,3/8/99, Math,"Boxing, Weightlifting, CrossFit",yes,,3,,"Hi there, my name is Avery Davis! Some of my interests include Boxing, Weightlifting, CrossFit, and  Math, and my major is Anthropology. Can't wait to meet you!",Anthropology,2015
CameronLee9,9,CameronLee@uni.edu,p9R%i2Tz!1,Cameron,Lee,He/Him,University of Nebraska,11/27/94, Music,Cycling,,yes,2,,"Hi there, my name is Cameron Lee! Some of my interests include Cycling, and  Music, and my major is Chemistry. Can't wait to meet you!",Chemistry,2016
QuinnSantos8,8,QuinnSantos@uni.edu,h5N%i8Uz*3,Quinn,Santos,He/Him,Northwestern University,5/15/02, Philosophy,Hiking,yes,yes,5,,"Hi there, my name is Quinn Santos! Some of my interests include Hiking, and  Philosophy, and my major is Criminal Justice. Can't wait to meet you!",Criminal Justice,2017
JordanRossi7,7,JordanRossi@uni.edu,b8O%i1Qz@5,Jordan,Rossi,He/Him,Purdue University,8/6/98, Physics,Cycling,yes,yes,2,,"Hi there, my name is Jordan Rossi! Some of my interests include Cycling, and  Physics, and my major is Environmental Science. Can't wait to meet you!",Environmental Science,2018
TaylorSmith9,9,TaylorSmith@uni.edu,m4L%i3Sj2@,Taylor,Smith,She/Her,University of Wisconsin-Madison,12/31/01, Political Science,Dance,yes,,5,,"Hi there, my name is Taylor Smith! Some of my interests include Dance, and  Political Science, and my major is Music. Can't wait to meet you!",Music,2019
AlexKim5,5,AlexKim@uni.edu,s1G%i7Fz*5,Alex,Kim,She/Her,Indiana University Bloomington,6/9/96, Probability,CrossFit,yes,yes,3,,"Hi there, my name is Alex Kim! Some of my interests include CrossFit, and  Probability, and my major is Education. Can't wait to meet you!",Education,2020
CaseyRodriguez9,9,CaseyRodriguez@uni.edu,v3T%i4Yz@1,Casey,Rodriguez,She/Her,University of Maryland,2/14/00, Psychology,CrossFit,yes,yes,3,,"Hi there, my name is Casey Rodriguez! Some of my interests include CrossFit, and  Psychology, and my major is Business Administration. Can't wait to meet you!",Business Administration,2021
MorganPatel4,4,MorganPatel@uni.edu,g6I%i8Cz!3,Morgan,Patel,She/Her,University of Michigan,10/23/95, Science,Hiking,yes,,4,,"Hi there, my name is Morgan Patel! Some of my interests include Hiking, and  Science, and my major is Physics. Can't wait to meet you!",Physics,2022
JamieNguyen4,4,JamieNguyen@uni.edu,d2F%i1Xy7@,Jamie,Nguyen,She/Her,Michigan State University ,4/7/97, Sociology,"Running, Martial Arts, Strength",yes,,3,,"Hi there, my name is Jamie Nguyen! Some of my interests include Running, Martial Arts, Strength, and  Sociology, and my major is History. Can't wait to meet you!",History,2019
RileyHernandez2,2,RileyHernandez@uni.edu,u4Q%i3Zz!2,Riley,Hernandez,She/Her,Ohio State University,1/11/02, Speaking,"Hiking, Cycling, Zumba",yes,,4,,"Hi there, my name is Riley Hernandez! Some of my interests include Hiking, Cycling, Zumba, and  Speaking, and my major is Journalism. Can't wait to meet you!",Journalism,2020
AveryGarcia2,2,AveryGarcia@uni.edu,o6J%i1Bz*7,Avery,Garcia,She/Her,Pennsylvania State University,9/28/99, Statistics,"Cardio, Golfing, Cycling, Zumba",yes,,3,,"Hi there, my name is Avery Garcia! Some of my interests include Cardio, Golfing, Cycling, Zumba, and  Statistics, and my major is Mechanical Engineering. Can't wait to meet you!",Mechanical Engineering,2021
CameronWang2,2,CameronWang@uni.edu,a5W%i8Sg!2,Cameron,Wang,She/Her,Rutgers University,3/5/98, Trigonometry,Golfing,yes,,5,,"Hi there, my name is Cameron Wang! Some of my interests include Golfing, and  Trigonometry, and my major is Graphic Design. Can't wait to meet you!",Graphic Design,2022
QuinnJohnson2,2,QuinnJohnson@uni.edu,i9K%i3Uz@5,Quinn,Johnson,She/Her,University of Illinois - Urbana Champaign,7/21/94,"Statistics, Calculus, Algebra",Swimming,yes,,2,,"Hi there, my name is Quinn Johnson! Some of my interests include Swimming, and Statistics, Calculus, Algebra, and my major is Sociology. Can't wait to meet you!",Sociology,2023
JordanSilva4,4,JordanSilva@uni.edu,r1P%i7Mz!4,Jordan,Silva,She/Her,University of Minnesota,11/14/00,"Algebra, Calculus",Walking,,yes,2,,"Hi there, my name is Jordan Silva! Some of my interests include Walking, and Algebra, Calculus, and my major is Nutrition. Can't wait to meet you!",Nutrition,2024
TaylorLopez2,2,TaylorLopez@uni.edu,f3H%i5Lz@1,Taylor,Lopez,She/Her,University of Nebraska,5/2/97,"Trigonometry, Calculus","Walking, Running",,yes,5,,"Hi there, my name is Taylor Lopez! Some of my interests include Walking, Running, and Trigonometry, Calculus, and my major is Mathematics. Can't wait to meet you!",Mathematics,2025
AlexTakahashi1,1,AlexTakahashi@uni.edu,l2X%i8Oz*6,Alex,Takahashi,She/Her,Northwestern University,8/13/95,"Calculus, Finite Math",Zumba,yes,,4,,"Hi there, my name is Alex Takahashi! Some of my interests include Zumba, and Calculus, Finite Math, and my major is Civil Engineering. Can't wait to meet you!",Civil Engineering,2026
CaseyAli9,9,CaseyAli@uni.edu,c8A%i1Wz!9,Casey,Ali,She/Her,Purdue University,1/26/01,"Algebra, Geometry",Hiking,yes,,5,,"Hi there, my name is Casey Ali! Some of my interests include Hiking, and Algebra, Geometry, and my major is Psychology. Can't wait to meet you!",Psychology,2015
MorganMartinez5,5,MorganMartinez@uni.edu,z4G%i6Ez*3,Morgan,Martinez,He/Him,University of Wisconsin-Madison,6/18/98,"Sociology, Philosophy",Cycling,yes,,2,,"Hi there, my name is Morgan Martinez! Some of my interests include Cycling, and Sociology, Philosophy, and my major is Economics. Can't wait to meet you!",Economics,2027
JamieKimura1,1,JamieKimura@uni.edu,k7Z%i2Jz@1,Jamie,Kimura,He/Him,Indiana University Bloomington,12/7/99,Writing,Running,,yes,5,,"Hi there, my name is Jamie Kimura! Some of my interests include Running, and Writing, and my major is Environmental Studies. Can't wait to meet you!",Environmental Studies,2015
RileyMurphy5,5,RileyMurphy@uni.edu,w5T%i8Xz!2,Riley,Murphy,They/Them,University of Maryland,4/24/96,History,Zumba,,yes,5,,"Hi there, my name is Riley Murphy! Some of my interests include Zumba, and History, and my major is Film Studies. Can't wait to meet you!",Film Studies,2016
AverySingh4,4,AverySingh@uni.edu,s3P%i6Kz*9,Avery,Singh,She/Her,University of Michigan,10/1/02,Literature,Yoga,,yes,2,,"Hi there, my name is Avery Singh! Some of my interests include Yoga, and Literature, and my major is International Relations. Can't wait to meet you!",International Relations,2017
CameronDavis2,2,CameronDavis@uni.edu,x1Q%i2Zz@3,Cameron,Davis,He/Him,Michigan State University ,2/11/97,"Biology, Physics",Cardio,,yes,2,,"Hi there, my name is Cameron Davis! Some of my interests include Cardio, and Biology, Physics, and my major is Chemistry. Can't wait to meet you!",Chemistry,2018
QuinnLee1,1,QuinnLee@uni.edu,qR3tY!uP0,Quinn,Lee,He/Him,Ohio State University,8/29/01,Algebra,"CrossFit, Cardio",,yes,4,,"Hi there, my name is Quinn Lee! Some of my interests include CrossFit, Cardio, and Algebra, and my major is Art History. Can't wait to meet you!",Art History,2019
JordanSantos5,5,JordanSantos@uni.edu,s2L&dF@8,Jordan,Santos,He/Him,Pennsylvania State University,11/20/94,"Calculus, Music","Strength, Weightlifting",,yes,2,,"Hi there, my name is Jordan Santos! Some of my interests include Strength, Weightlifting, and Calculus, Music, and my major is Linguistics. Can't wait to meet you!",Linguistics,2020
TaylorRossi9,9,TaylorRossi@uni.edu,9x#zV7sA,Taylor,Rossi,He/Him,Rutgers University,5/6/00,"Biology, Chemistry",Weighlifting,,yes,4,,"Hi there, my name is Taylor Rossi! Some of my interests include Weighlifting, and Biology, Chemistry, and my major is Computer Science. Can't wait to meet you!",Computer Science,2021
AlexBrown8,8,AlexBrown@uni.edu,b6*1oE$p,Alex,Brown,She/Her,University of Illinois - Urbana Champaign,9/15/98,Algebra,Dance,,yes,3,,"Hi there, my name is Alex Brown! Some of my interests include Dance, and Algebra, and my major is Social Work. Can't wait to meet you!",Social Work,2022
CaseyKim4,4,CaseyKim@uni.edu,G0q!vL4x,Casey,Kim,She/Her,University of Minnesota,3/2/95,Science,Walking,yes,yes,2,,"Hi there, my name is Casey Kim! Some of my interests include Walking, and Science, and my major is Philosophy. Can't wait to meet you!",Philosophy,2019
MorganRodriguez4,4,MorganRodriguez@uni.edu,wU5&k2!e,Morgan,Rodriguez,He/Him,University of Nebraska,7/11/99,"Sociology, Geometry, Computer Science",Walking,,yes,5,,"Hi there, my name is Morgan Rodriguez! Some of my interests include Walking, and Sociology, Geometry, Computer Science, and my major is Human Resource Management. Can't wait to meet you!",Human Resource Management,2020
JamiePatel6,6,JamiePatel@uni.edu,3nI$yF@r,Jamie,Patel,He/Him,Northwestern University,1/17/96,"Calculus, Computer Science, Statistics",Dance,,yes,2,,"Hi there, my name is Jamie Patel! Some of my interests include Dance, and Calculus, Computer Science, Statistics, and my major is Public Health. Can't wait to meet you!",Public Health,2021
RileyNguyen6,6,RileyNguyen@uni.edu,H8*b2X!v,Riley,Nguyen,He/Him,Purdue University,6/24/02,"Computer Science, Accounting",Cardio,,yes,4,,"Hi there, my name is Riley Nguyen! Some of my interests include Cardio, and Computer Science, Accounting, and my major is Architecture. Can't wait to meet you!",Architecture,2022
AveryHernandez1,1,AveryHernandez@uni.edu,dY4&7u!o,Avery,Hernandez,She/Her,University of Wisconsin-Madison,10/10/97,Accounting,Strength,,yes,2,,"Hi there, my name is Avery Hernandez! Some of my interests include Strength, and Accounting, and my major is Marketing. Can't wait to meet you!",Marketing,2023
CameronGarcia3,3,CameronGarcia@uni.edu,tZ1vR#8y,Cameron,Garcia,She/Her,Northwestern University,4/30/98,"Music, Physics",CrossFit,,yes,3,,"Hi there, my name is Cameron Garcia! Some of my interests include CrossFit, and Music, Physics, and my major is Business Management. Can't wait to meet you!",Business Management,2024
QuinnWang5,5,QuinnWang@uni.edu,O1l!pQ5z,Quinn,Wang,She/Her,Purdue University,12/13/01,Physics,"Cardio, Cycling, Running, Yoga",,yes,2,,"Hi there, my name is Quinn Wang! Some of my interests include Cardio, Cycling, Running, Yoga, and Physics, and my major is Biomedical Engineering. Can't wait to meet you!",Biomedical Engineering,2025
JordanJohnson1,1,JordanJohnson@uni.edu,eR6y@2vI,Jordan,Johnson,They/Them,University of Wisconsin-Madison,8/22/95,History,"Cycling, Running, Weightlifting",,yes,4,,"Hi there, my name is Jordan Johnson! Some of my interests include Cycling, Running, Weightlifting, and History, and my major is Spanish. Can't wait to meet you!",Spanish,2026
TaylorSilva1,1,TaylorSilva@uni.edu,xT8!gZ3c,Taylor,Silva,She/Her,University of Illinois - Urbana Champaign,2/5/00,"Writing, Probability","Dance, Hiking, Pilates, Swimming, Walking",yes,yes,5,,"Hi there, my name is Taylor Silva! Some of my interests include Dance, Hiking, Pilates, Swimming, Walking, and Writing, Probability, and my major is Theater Arts. Can't wait to meet you!",Theater Arts,2015
7,7,,,,,,,,,,,,,,"Hi there, my name is  ! Some of my interests include , and , and my major is Accounting. Can't wait to meet you!",Accounting,